,seq_id,tm
0,31390,0.0009787418
1,31391,0.0009787511
2,31392,0.0010007573
3,31393,0.0009787511
4,31394,0.0009787511
5,31395,0.0009787511
6,31396,0.0009787418
7,31397,0.0009787418
8,31398,0.0009787418
9,31399,0.0009787511
10,31400,0.0009787511
11,31401,0.0009787511
12,31402,0.0009787511
13,31403,0.0010007573
14,31404,0.0009787511
15,31405,0.0009787511
16,31406,0.0009787511
17,31407,0.0009787418
18,31408,0.0009787418
19,31409,0.0009787511
20,31410,0.0009787511
21,31411,0.0009787511
22,31412,0.0009787511
23,31413,0.0009787511
24,31414,0.0009787511
25,31415,0.0011815599
26,31416,0.0013147914
27,31417,0.0010425735
28,31418,0.0010393737
29,31419,0.0011413079
30,31420,0.0011726827
31,31421,0.0011726827
32,31422,0.0011757126
33,31423,0.0010978591
34,31424,0.001130772
35,31425,0.0011556493
36,31426,0.0011556493
37,31427,0.0011884402
38,31428,0.0009309985
39,31429,0.0009946735
40,31430,0.00066674454
41,31431,0.00079041044
42,31432,0.0009946735
43,31433,0.0009732549
44,31434,0.0013696353
45,31435,0.001072186
46,31436,0.0009071345
47,31437,0.0009493148
48,31438,0.0012499976
49,31439,0.0012499976
50,31440,0.0010441376
51,31441,0.0007323597
52,31442,0.0013696353
53,31443,0.0011746418
54,31444,0.0008540419
55,31445,0.0008540419
56,31446,0.0011737691
57,31447,0.0014779326
58,31448,0.0010582278
59,31449,0.00087347
60,31450,0.0008681917
61,31451,0.0010196799
62,31452,0.0009509041
63,31453,0.0010332284
64,31454,0.0009550634
65,31455,0.00092607504
66,31456,0.00096745533
67,31457,0.0009787511
68,31458,0.0010775891
69,31459,0.0010047243
70,31460,0.001256759
71,31461,0.0010433481
72,31462,0.0010047243
73,31463,0.001072661
74,31464,0.0011188234
75,31465,0.0009792757
76,31466,0.0010933019
77,31467,0.0010705106
78,31468,0.000977929
79,31469,0.0009782566
80,31470,0.0009789392
81,31471,0.0009789392
82,31472,0.0009792817
83,31473,0.0009792817
84,31474,0.0012178179
85,31475,0.0009776875
86,31476,0.0009782566
87,31477,0.0009779464
88,31478,0.0009794282
89,31479,0.0009796361
90,31480,0.0012194156
91,31481,0.0009795253
92,31482,0.0009780789
93,31483,0.0009794733
94,31484,0.0009787511
95,31485,0.0009787255
96,31486,0.0009784973
97,31487,0.0009784955
98,31488,0.0009787513
99,31489,0.0009787513
100,31490,0.0009787511
101,31491,0.0009787513
102,31492,0.0009787511
103,31493,0.0009787511
104,31494,0.0009787418
105,31495,0.0012188507
106,31496,0.0009787418
107,31497,0.0009787418
108,31498,0.0009787418
109,31499,0.0009787511
110,31500,0.0009787511
111,31501,0.0009787511
112,31502,0.0009787511
113,31503,0.0009787511
114,31504,0.0009787511
115,31505,0.0009787418
116,31506,0.0009787418
117,31507,0.0009787511
118,31508,0.0009787511
119,31509,0.0009787418
120,31510,0.0009787418
121,31511,0.0009787418
122,31512,0.0009787511
123,31513,0.0009787511
124,31514,0.0009787511
125,31515,0.0009787511
126,31516,0.0012188472
127,31517,0.0009787511
128,31518,0.0009787511
129,31519,0.0009787511
130,31520,0.0009787511
131,31521,0.0009787418
132,31522,0.0009787418
133,31523,0.0009787511
134,31524,0.0009787511
135,31525,0.0009787511
136,31526,0.0009787511
137,31527,0.0009787511
138,31528,0.0009914262
139,31529,0.0012245751
140,31530,0.001062952
141,31531,0.0010034393
142,31532,0.00059843715
143,31533,0.00059843715
144,31534,0.0011465107
145,31535,0.0013056274
146,31536,0.00097228796
147,31537,0.0009273791
148,31538,0.0009787511
149,31539,0.0010402002
150,31540,0.0009400132
151,31541,0.0009178971
152,31542,0.0010146559
153,31543,0.0010631857
154,31544,0.0009787511
155,31545,0.0011250945
156,31546,0.0009372444
157,31547,0.0010672803
158,31548,0.0009783043
159,31549,0.0009792892
160,31550,0.00097976
161,31551,0.000978119
162,31552,0.0009790901
163,31553,0.0009785967
164,31554,0.0009795283
165,31555,0.0009790901
166,31556,0.0009787511
167,31557,0.000977793
168,31558,0.0009786263
169,31559,0.0009780263
170,31560,0.0009782447
171,31561,0.0009786263
172,31562,0.0009780398
173,31563,0.0009774845
174,31564,0.0009787511
175,31565,0.0009787511
176,31566,0.0009787511
177,31567,0.0009787418
178,31568,0.0009787511
179,31569,0.0009787418
180,31570,0.0009787511
181,31571,0.0009787511
182,31572,0.0009787115
183,31573,0.0009787115
184,31574,0.0009787511
185,31575,0.0009787511
186,31576,0.0009787511
187,31577,0.0009787092
188,31578,0.0009787111
189,31579,0.0009787511
190,31580,0.0009787511
191,31581,0.0009787115
192,31582,0.0009787511
193,31583,0.0009787511
194,31584,0.0009787511
195,31585,0.0009787511
196,31586,0.0009787511
197,31587,0.0009787511
198,31588,0.0009787511
199,31589,0.0009787418
200,31590,0.0009787516
201,31591,0.0009787511
202,31592,0.0009787418
203,31593,0.0009787418
204,31594,0.0007053267
205,31595,0.0009787511
206,31596,0.0009787511
207,31597,0.0009787511
208,31598,0.0009787511
209,31599,0.0009787511
210,31600,0.0009787511
211,31601,0.0009787511
212,31602,0.0009787418
213,31603,0.0009787511
214,31604,0.0009787511
215,31605,0.0009787511
216,31606,0.0009787511
217,31607,0.0009787511
218,31608,0.0009787511
219,31609,0.0009787511
220,31610,0.0009787511
221,31611,0.0009787511
222,31612,0.0009787511
223,31613,0.0009787511
224,31614,0.00082309754
225,31615,0.0008030266
226,31616,0.00085068867
227,31617,0.0007842132
228,31618,0.0008030266
229,31619,0.00083574676
230,31620,0.0008798172
231,31621,0.0008798172
232,31622,0.00093787117
233,31623,0.0008730674
234,31624,0.00082309754
235,31625,0.00088792294
236,31626,0.0009787511
237,31627,0.00088738883
238,31628,0.0009905568
239,31629,0.00088738883
240,31630,0.0012019277
241,31631,0.0010711295
242,31632,0.0010711295
243,31633,0.0007756718
244,31634,0.0010362559
245,31635,0.0013423893
246,31636,0.0013423893
247,31637,0.0015004172
248,31638,0.0011780676
249,31639,0.0009905568
250,31640,0.000754667
251,31641,0.0007250523
252,31642,0.00078449165
253,31643,0.000754667
254,31644,0.00086725317
255,31645,0.0008962217
256,31646,0.0008962217
257,31647,0.0007703011
258,31648,0.000702444
259,31649,0.00070785545
260,31650,0.00093567953
261,31651,0.0010835093
262,31652,0.00079907384
263,31653,0.0010127679
264,31654,0.0009574436
265,31655,0.00096600456
266,31656,0.001117008
267,31657,0.0009574436
268,31658,0.0010269491
269,31659,0.0010492536
270,31660,0.0010496965
271,31661,0.00090912613
272,31662,0.0012005107
273,31663,0.0010441337
274,31664,0.0010758941
275,31665,0.0010496965
276,31666,0.0009809574
277,31667,0.0009773325
278,31668,0.0009780843
279,31669,0.0009780913
280,31670,0.0009780913
281,31671,0.0009767325
282,31672,0.0009782892
283,31673,0.0009794845
284,31674,0.0009791164
285,31675,0.0009791164
286,31676,0.0009791208
287,31677,0.0009785527
288,31678,0.0009794845
289,31679,0.0009773453
290,31680,0.0009764312
291,31681,0.0009769737
292,31682,0.0009775425
293,31683,0.0009779143
294,31684,0.0009777276
295,31685,0.0009780701
296,31686,0.0009773336
297,31687,0.0009777276
298,31688,0.0009781991
299,31689,0.0009783772
300,31690,0.0009781038
301,31691,0.0009775809
302,31692,0.000978518
303,31693,0.0009774168
304,31694,0.0009787506
305,31695,0.0009787511
306,31696,0.0009784973
307,31697,0.0009787516
308,31698,0.0009784962
309,31699,0.0009784962
310,31700,0.0009787423
311,31701,0.0009787423
312,31702,0.0009787423
313,31703,0.001126681
314,31704,0.0009787423
315,31705,0.0009787132
316,31706,0.0009787111
317,31707,0.0009787132
318,31708,0.0009787511
319,31709,0.0009787511
320,31710,0.0009787513
321,31711,0.0009787511
322,31712,0.0009787418
323,31713,0.0009787418
324,31714,0.0009787511
325,31715,0.0009787511
326,31716,0.0009787511
327,31717,0.0009787511
328,31718,0.0009787511
329,31719,0.0009787511
330,31720,0.0009787511
331,31721,0.0011267341
332,31722,0.0009787511
333,31723,0.0009787511
334,31724,0.0011151542
335,31725,0.0011232968
336,31726,0.0006869931
337,31727,0.00081420224
338,31728,0.00092466036
339,31729,0.0010901578
340,31730,0.0010901578
341,31731,0.0010162105
342,31732,0.0009933319
343,31733,0.00081843836
344,31734,0.00086382753
345,31735,0.00096533704
346,31736,0.00091034966
347,31737,0.00090916036
348,31738,0.0008201448
349,31739,0.00081843836
350,31740,0.001037953
351,31741,0.0008596149
352,31742,0.0009566501
353,31743,0.0009333098
354,31744,0.00097309775
355,31745,0.0009566501
356,31746,0.0009397669
357,31747,0.0009490107
358,31748,0.00095077325
359,31749,0.001309084
360,31750,0.000992788
361,31751,0.0009485828
362,31752,0.00092630694
363,31753,0.00090975454
364,31754,0.00096286833
365,31755,0.00092630694
366,31756,0.00092771184
367,31757,0.0009803995
368,31758,0.0009822492
369,31759,0.0009788631
370,31760,0.0009809465
371,31761,0.0009796617
372,31762,0.0009819968
373,31763,0.0009816405
374,31764,0.0009793593
375,31765,0.0009819968
376,31766,0.0009793693
377,31767,0.0009784396
378,31768,0.0009794687
379,31769,0.0009784396
380,31770,0.0009784759
381,31771,0.0009785986
382,31772,0.000979027
383,31773,0.000978464
384,31774,0.0013490347
385,31775,0.0009784086
386,31776,0.0009784456
387,31777,0.0009788899
388,31778,0.0009788899
389,31779,0.0009787511
390,31780,0.0009787516
391,31781,0.0009787511
392,31782,0.0009787516
393,31783,0.0009787513
394,31784,0.0009787136
395,31785,0.0009787513
396,31786,0.0009787111
397,31787,0.0009787111
398,31788,0.0009787136
399,31789,0.0009787511
400,31790,0.0009787511
401,31791,0.0009787113
402,31792,0.0009787516
403,31793,0.0009787115
404,31794,0.0013499532
405,31795,0.0009787511
406,31796,0.0009787111
407,31797,0.0009787516
408,31798,0.0009787513
409,31799,0.0009787516
410,31800,0.0009787423
411,31801,0.0009787513
412,31802,0.0009787513
413,31803,0.0009787111
414,31804,0.0009787511
415,31805,0.0009787511
416,31806,0.0009787511
417,31807,0.0009787511
418,31808,0.0009787511
419,31809,0.0009787511
420,31810,0.0009787111
421,31811,0.0009787418
422,31812,0.0009787511
423,31813,0.0009787511
424,31814,0.0009787511
425,31815,0.0009787511
426,31816,0.0009787418
427,31817,0.0009787418
428,31818,0.0009787418
429,31819,0.0009787511
430,31820,0.0009787418
431,31821,0.0009787511
432,31822,0.0009787511
433,31823,0.0009787511
434,31824,0.0009787511
435,31825,0.0009787511
436,31826,0.0009787511
437,31827,0.0009787511
438,31828,0.0009787511
439,31829,0.0009787511
440,31830,0.0009787511
441,31831,0.0009787511
442,31832,0.0009787511
443,31833,0.0009787511
444,31834,0.0009787511
445,31835,0.0009829877
446,31836,0.0010526767
447,31837,0.0008251101
448,31838,0.0008495813
449,31839,0.0010069385
450,31840,0.0009787511
451,31841,0.0009743904
452,31842,0.0010516043
453,31843,0.000977102
454,31844,0.0010285799
455,31845,0.0009925747
456,31846,0.00094253477
457,31847,0.00094231917
458,31848,0.00094231917
459,31849,0.0010303708
460,31850,0.0010388959
461,31851,0.0009799222
462,31852,0.00096031884
463,31853,0.0010388959
464,31854,0.0010408896
465,31855,0.0010408896
466,31856,0.0009942092
467,31857,0.0009942143
468,31858,0.0010303708
469,31859,0.0010101509
470,31860,0.0010101509
471,31861,0.0010144128
472,31862,0.0009816648
473,31863,0.0009799572
474,31864,0.0009819667
475,31865,0.0009809628
476,31866,0.0009799572
477,31867,0.0009795916
478,31868,0.000978499
479,31869,0.000978499
480,31870,0.0009789048
481,31871,0.0009816648
482,31872,0.0009783285
483,31873,0.0009782896
484,31874,0.0009790154
485,31875,0.0009794906
486,31876,0.0009781839
487,31877,0.0009787378
488,31878,0.0009795877
489,31879,0.0009790361
490,31880,0.0009787134
491,31881,0.0009787115
492,31882,0.0009787513
493,31883,0.0009787516
494,31884,0.0009787513
495,31885,0.0009787511
496,31886,0.0009787418
497,31887,0.0009787513
498,31888,0.0009787511
499,31889,0.0009787511
500,31890,0.0009787427
501,31891,0.0009787132
502,31892,0.0009787516
503,31893,0.0009787809
504,31894,0.0009787132
505,31895,0.0009787511
506,31896,0.0009787513
507,31897,0.0009787511
508,31898,0.0009787418
509,31899,0.0009787513
510,31900,0.0009787511
511,31901,0.0009787511
512,31902,0.0009787511
513,31903,0.0009787511
514,31904,0.0009787511
515,31905,0.0009787511
516,31906,0.0009787511
517,31907,0.0009787511
518,31908,0.0009787511
519,31909,0.0009787418
520,31910,0.0009787511
521,31911,0.0009787511
522,31912,0.0009787511
523,31913,0.0009787511
524,31914,0.0009787511
525,31915,0.0009787511
526,31916,0.0009787511
527,31917,0.0009787511
528,31918,0.0009787511
529,31919,0.0009787511
530,31920,0.0009787511
531,31921,0.0009787511
532,31922,0.0009771273
533,31923,0.000943762
534,31924,0.0009771273
535,31925,0.0010442664
536,31926,0.0009858143
537,31927,0.0009918718
538,31928,0.0009803188
539,31929,0.0009858143
540,31930,0.0009404323
541,31931,0.00096413493
542,31932,0.0009582876
543,31933,0.0009701657
544,31934,0.0009568231
545,31935,0.00097445236
546,31936,0.00095970696
547,31937,0.0009786349
548,31938,0.0009784328
549,31939,0.0009783506
550,31940,0.0009774589
551,31941,0.0009787511
552,31942,0.0009781765
553,31943,0.0009783618
554,31944,0.0009770223
555,31945,0.0009781765
556,31946,0.0009773164
557,31947,0.0009778927
558,31948,0.0009774894
559,31949,0.0009787511
560,31950,0.000978048
561,31951,0.0009779972
562,31952,0.0009783618
563,31953,0.0009794259
564,31954,0.0009782575
565,31955,0.0009782412
566,31956,0.0009782575
567,31957,0.0009785192
568,31958,0.0009788298
569,31959,0.0009788137
570,31960,0.0009788396
571,31961,0.0009794259
572,31962,0.0009787115
573,31963,0.0009784587
574,31964,0.0009782403
575,31965,0.0009784587
576,31966,0.0009779166
577,31967,0.0009778987
578,31968,0.0009781816
579,31969,0.0009782454
580,31970,0.0009782154
581,31971,0.0009783483
582,31972,0.0009784685
583,31973,0.0009782154
584,31974,0.0009780712
585,31975,0.0009783637
586,31976,0.0009783637
587,31977,0.0009783469
588,31978,0.0009784284
589,31979,0.0009782913
590,31980,0.0009782547
591,31981,0.000978255
592,31982,0.0009782547
593,31983,0.0009784075
594,31984,0.0009787111
595,31985,0.0009787506
596,31986,0.0009787513
597,31987,0.0009787111
598,31988,0.0009787511
599,31989,0.0009787418
600,31990,0.0009787418
601,31991,0.0009787511
602,31992,0.0009787418
603,31993,0.0009787111
604,31994,0.0009787111
605,31995,0.0009787511
606,31996,0.0009787516
607,31997,0.0009787111
608,31998,0.0009787516
609,31999,0.0009787811
610,32000,0.0009787111
611,32001,0.0009787511
612,32002,0.0009787511
613,32003,0.0009787511
614,32004,0.0009787423
615,32005,0.0009787516
616,32006,0.0009787418
617,32007,0.0009787418
618,32008,0.0009787418
619,32009,0.0009787418
620,32010,0.0009787418
621,32011,0.0009787418
622,32012,0.0009787418
623,32013,0.0009787418
624,32014,0.0009787511
625,32015,0.0009787511
626,32016,0.0009787418
627,32017,0.0009787511
628,32018,0.0009787418
629,32019,0.0009787418
630,32020,0.0009787511
631,32021,0.0009787511
632,32022,0.0009787511
633,32023,0.0009787511
634,32024,0.0009787511
635,32025,0.0009787511
636,32026,0.0009787511
637,32027,0.0009787511
638,32028,0.0009787418
639,32029,0.0009787418
640,32030,0.0009787511
641,32031,0.0009787511
642,32032,0.0009787511
643,32033,0.0009787418
644,32034,0.0009787511
645,32035,0.0009787511
646,32036,0.0009787418
647,32037,0.0009787418
648,32038,0.0009787511
649,32039,0.0009787418
650,32040,0.0009787511
651,32041,0.0009787511
652,32042,0.0009787511
653,32043,0.0009787511
654,32044,0.0009787511
655,32045,0.0009787418
656,32046,0.0009787511
657,32047,0.0009787418
658,32048,0.0009787418
659,32049,0.0009787511
660,32050,0.0009787511
661,32051,0.0009787511
662,32052,0.0009787511
663,32053,0.0009787511
664,32054,0.0009787511
665,32055,0.0009787511
666,32056,0.0009787418
667,32057,0.0009787511
668,32058,0.0009787511
669,32059,0.0009787511
670,32060,0.0009787511
671,32061,0.0009787511
672,32062,0.0009787511
673,32063,0.0009787511
674,32064,0.0009787511
675,32065,0.0009787511
676,32066,0.0009787511
677,32067,0.0009787511
678,32068,0.0009787511
679,32069,0.0009787511
680,32070,0.0009787511
681,32071,0.0009787511
682,32072,0.0009787511
683,32073,0.0009787511
684,32074,0.0009787511
685,32075,0.0009787511
686,32076,0.0009787511
687,32077,0.0009787511
688,32078,0.0009787511
689,32079,0.0009787511
690,32080,0.0009787511
691,32081,0.0009787511
692,32082,0.0009787511
693,32083,0.0009787511
694,32084,0.0009787511
695,32085,0.0009787511
696,32086,0.0009787511
697,32087,0.0009787511
698,32088,0.0009787511
699,32089,0.0009787511
700,32090,0.0009787511
701,32091,0.0009787511
702,32092,0.0009787511
703,32093,0.0009787511
704,32094,0.0009787511
705,32095,0.0009787511
706,32096,0.0009787511
707,32097,0.0009787511
708,32098,0.0009787511
709,32099,0.0009787511
710,32100,0.0009787511
711,32101,0.0009787511
712,32102,0.0009787511
713,32103,0.0009787511
714,32104,0.0009787511
715,32105,0.0009787511
716,32106,0.0009787511
717,32107,0.0009787511
718,32108,0.0009787511
719,32109,0.0009787511
720,32110,0.0009787511
721,32111,0.0009787511
722,32112,0.0009787511
723,32113,0.0009787511
724,32114,0.0009787511
725,32115,0.0009787511
726,32116,0.0009787511
727,32117,0.0009787511
728,32118,0.0009787511
729,32119,0.0009787511
730,32120,0.0009787511
731,32121,0.0009787511
732,32122,0.0009787511
733,32123,0.0009787511
734,32124,0.0009787511
735,32125,0.0009787511
736,32126,0.0009787511
737,32127,0.0009787511
738,32128,0.0009787511
739,32129,0.0009787511
740,32130,0.0009787511
741,32131,0.0009787511
742,32132,0.0009787511
743,32133,0.0009787511
744,32134,0.0009787511
745,32135,0.0009787511
746,32136,0.0009787511
747,32137,0.0009787511
748,32138,0.0009787511
749,32139,0.0009787511
750,32140,0.0009787511
751,32141,0.0009787511
752,32142,0.0009787511
753,32143,0.0009787511
754,32144,0.0009787511
755,32145,0.0009787511
756,32146,0.0009787511
757,32147,0.0009787511
758,32148,0.0009787511
759,32149,0.0009787511
760,32150,0.0009787511
761,32151,0.0009787511
762,32152,0.0009787511
763,32153,0.0009787511
764,32154,0.0009787511
765,32155,0.0009787511
766,32156,0.0009787511
767,32157,0.0009787511
768,32158,0.0009787511
769,32159,0.0009787511
770,32160,0.0009787511
771,32161,0.0009787511
772,32162,0.0009787511
773,32163,0.0009787511
774,32164,0.0009787511
775,32165,0.0009787511
776,32166,0.0009787511
777,32167,0.0009787511
778,32168,0.0009787511
779,32169,0.0009787511
780,32170,0.0009787511
781,32171,0.0009787511
782,32172,0.0009787511
783,32173,0.0009787511
784,32174,0.0009787511
785,32175,0.0009787511
786,32176,0.0009787511
787,32177,0.0009787511
788,32178,0.0009787511
789,32179,0.0009787511
790,32180,0.0009787511
791,32181,0.0009787511
792,32182,0.0009787511
793,32183,0.0009787511
794,32184,0.0009787511
795,32185,0.0009787511
796,32186,0.0009787511
797,32187,0.0009787511
798,32188,0.0009787511
799,32189,0.0009787511
800,32190,0.0009787511
801,32191,0.0009787511
802,32192,0.0009787511
803,32193,0.0009787511
804,32194,0.0009787511
805,32195,0.0009787511
806,32196,0.0009787511
807,32197,0.0009787511
808,32198,0.0009787511
809,32199,0.0009787511
810,32200,0.0009787511
811,32201,0.0009787511
812,32202,0.0009787511
813,32203,0.0009787511
814,32204,0.0009787511
815,32205,0.0009787511
816,32206,0.0009787511
817,32207,0.0009787511
818,32208,0.0009787511
819,32209,0.0009787511
820,32210,0.0009787511
821,32211,0.0009787511
822,32212,0.0009787511
823,32213,0.0009787511
824,32214,0.0009787511
825,32215,0.0009787511
826,32216,0.0009787511
827,32217,0.0009787511
828,32218,0.0009787511
829,32219,0.0009787511
830,32220,0.0009787511
831,32221,0.0009787511
832,32222,0.0009787511
833,32223,0.0009787511
834,32224,0.0009787511
835,32225,0.0009787511
836,32226,0.0009787511
837,32227,0.0009787511
838,32228,0.0009787511
839,32229,0.0009787511
840,32230,0.0009787511
841,32231,0.0009787511
842,32232,0.0009787511
843,32233,0.0009787511
844,32234,0.0009787511
845,32235,0.0009787511
846,32236,0.0009787511
847,32237,0.0009787511
848,32238,0.0009787511
849,32239,0.0009787511
850,32240,0.0009787511
851,32241,0.0009787511
852,32242,0.0009787511
853,32243,0.0009787511
854,32244,0.0009787511
855,32245,0.0009787511
856,32246,0.0009787511
857,32247,0.0009787511
858,32248,0.0009787511
859,32249,0.0009787511
860,32250,0.0009787511
861,32251,0.0009787511
862,32252,0.0009787511
863,32253,0.0009787511
864,32254,0.0009787511
865,32255,0.0009787511
866,32256,0.0009787511
867,32257,0.0009787511
868,32258,0.0009787511
869,32259,0.0009787511
870,32260,0.0009787511
871,32261,0.0009787511
872,32262,0.0009787511
873,32263,0.0009787511
874,32264,0.0009787511
875,32265,0.0009787511
876,32266,0.0009787511
877,32267,0.0009787511
878,32268,0.0009787511
879,32269,0.0009787511
880,32270,0.0009787511
881,32271,0.0009787511
882,32272,0.0009787511
883,32273,0.0009787511
884,32274,0.0009787511
885,32275,0.0009787511
886,32276,0.0009787511
887,32277,0.0009787511
888,32278,0.0009787511
889,32279,0.0009787511
890,32280,0.0009787511
891,32281,0.0009787511
892,32282,0.0009787511
893,32283,0.0009787511
894,32284,0.0009787511
895,32285,0.0009787511
896,32286,0.0009787511
897,32287,0.0009787511
898,32288,0.0009787511
899,32289,0.0009787511
900,32290,0.0009787511
901,32291,0.0009787511
902,32292,0.0009787511
903,32293,0.0009787511
904,32294,0.0009787511
905,32295,0.0009787511
906,32296,0.0009787511
907,32297,0.0009787511
908,32298,0.0009787511
909,32299,0.0009787511
910,32300,0.0009787511
911,32301,0.0009787511
912,32302,0.0009787511
913,32303,0.0009787511
914,32304,0.0009787511
915,32305,0.0009787511
916,32306,0.0009787511
917,32307,0.0009787511
918,32308,0.0009787511
919,32309,0.0009787511
920,32310,0.0009787511
921,32311,0.0009787511
922,32312,0.0009787511
923,32313,0.0009787511
924,32314,0.0009787511
925,32315,0.0009787511
926,32316,0.0009787511
927,32317,0.0009787511
928,32318,0.0009787511
929,32319,0.0009787511
930,32320,0.0009787511
931,32321,0.0009787511
932,32322,0.0009787511
933,32323,0.0009787511
934,32324,0.0009787511
935,32325,0.0009787511
936,32326,0.0009787511
937,32327,0.0009787511
938,32328,0.0009787511
939,32329,0.0009787511
940,32330,0.0009787511
941,32331,0.0009787511
942,32332,0.0009787511
943,32333,0.0009787511
944,32334,0.0009787511
945,32335,0.0009787511
946,32336,0.0009787511
947,32337,0.0009787511
948,32338,0.0009787511
949,32339,0.0009787511
950,32340,0.0009787511
951,32341,0.0009787511
952,32342,0.0009787511
953,32343,0.0009787511
954,32344,0.0009787511
955,32345,0.0009787511
956,32346,0.0009787511
957,32347,0.0009787511
958,32348,0.0009787511
959,32349,0.0009787511
960,32350,0.0009787511
961,32351,0.0009787511
962,32352,0.0009787511
963,32353,0.0009787511
964,32354,0.0009787511
965,32355,0.0009787511
966,32356,0.0009787511
967,32357,0.0009787511
968,32358,0.0009787511
969,32359,0.0009787511
970,32360,0.0009787511
971,32361,0.0009787511
972,32362,0.0009787511
973,32363,0.0009787511
974,32364,0.0009787511
975,32365,0.0009787511
976,32366,0.0009787511
977,32367,0.0009787511
978,32368,0.0009787511
979,32369,0.0009787511
980,32370,0.0009787511
981,32371,0.0009787511
982,32372,0.0009787511
983,32373,0.0009787511
984,32374,0.0009787511
985,32375,0.0009787511
986,32376,0.0009787511
987,32377,0.0009787511
988,32378,0.0009787511
989,32379,0.0009787511
990,32380,0.0009787511
991,32381,0.0009787511
992,32382,0.0009787511
993,32383,0.0009787511
994,32384,0.0009787511
995,32385,0.0009787511
996,32386,0.0009787511
997,32387,0.0009787511
998,32388,0.0009787511
999,32389,0.0009787511
1000,32390,0.0009787511
1001,32391,0.0009787511
1002,32392,0.0009787511
1003,32393,0.0009787511
1004,32394,0.0009787511
1005,32395,0.0009787511
1006,32396,0.0009787511
1007,32397,0.0009787511
1008,32398,0.0009787511
1009,32399,0.0009787511
1010,32400,0.0009787511
1011,32401,0.0009787511
1012,32402,0.0009787511
1013,32403,0.0009787511
1014,32404,0.0009787511
1015,32405,0.0009787553
1016,32406,0.0009787553
1017,32407,0.0009787511
1018,32408,0.0009787511
1019,32409,0.0009787511
1020,32410,0.0009787511
1021,32411,0.0009787511
1022,32412,0.0009787511
1023,32413,0.0009787511
1024,32414,0.0009787511
1025,32415,0.0009787511
1026,32416,0.0009787511
1027,32417,0.0009787511
1028,32418,0.0009787511
1029,32419,0.0009787511
1030,32420,0.0009787511
1031,32421,0.0009787511
1032,32422,0.0009787511
1033,32423,0.0009787511
1034,32424,0.0009787511
1035,32425,0.0009787511
1036,32426,0.0009787511
1037,32427,0.0009787511
1038,32428,0.0009787511
1039,32429,0.0009787511
1040,32430,0.0009787511
1041,32431,0.0009787511
1042,32432,0.0009787511
1043,32433,0.0009787511
1044,32434,0.0009787511
1045,32435,0.0009787511
1046,32436,0.0009787511
1047,32437,0.0009787511
1048,32438,0.0009787511
1049,32439,0.0009787511
1050,32440,0.0009787511
1051,32441,0.0009787511
1052,32442,0.0009787511
1053,32443,0.0009787511
1054,32444,0.0009787511
1055,32445,0.0009787511
1056,32446,0.0009787511
1057,32447,0.0009787511
1058,32448,0.0009787511
1059,32449,0.0009787511
1060,32450,0.0009787511
1061,32451,0.0009787511
1062,32452,0.0009787511
1063,32453,0.0009787511
1064,32454,0.0009787511
1065,32455,0.0009787511
1066,32456,0.0009787511
1067,32457,0.0009787511
1068,32458,0.0009787511
1069,32459,0.0009787511
1070,32460,0.0009787511
1071,32461,0.0009787511
1072,32462,0.0009787511
1073,32463,0.0009787511
1074,32464,0.0009787511
1075,32465,0.0009787511
1076,32466,0.0009787511
1077,32467,0.0009787511
1078,32468,0.0009787511
1079,32469,0.0009787511
1080,32470,0.0009787511
1081,32471,0.0009787511
1082,32472,0.0009787511
1083,32473,0.0009787511
1084,32474,0.0009787511
1085,32475,0.0009787511
1086,32476,0.0009787511
1087,32477,0.0009787511
1088,32478,0.0009787511
1089,32479,0.0009787511
1090,32480,0.0009787511
1091,32481,0.0009787511
1092,32482,0.0009787511
1093,32483,0.0009787511
1094,32484,0.0009787511
1095,32485,0.0009787511
1096,32486,0.0009787511
1097,32487,0.0009787511
1098,32488,0.0009787511
1099,32489,0.0009787511
1100,32490,0.0009787511
1101,32491,0.0009787511
1102,32492,0.0009787511
1103,32493,0.0009787511
1104,32494,0.0009787511
1105,32495,0.0009787511
1106,32496,0.0009787511
1107,32497,0.0009787511
1108,32498,0.0009787511
1109,32499,0.0009787511
1110,32500,0.0009787511
1111,32501,0.0009787511
1112,32502,0.0009787511
1113,32503,0.0009787511
1114,32504,0.0009787511
1115,32505,0.0009787511
1116,32506,0.0009787511
1117,32507,0.0009787511
1118,32508,0.0009787511
1119,32509,0.0009787511
1120,32510,0.0009787511
1121,32511,0.0009787511
1122,32512,0.0009787511
1123,32513,0.0009787511
1124,32514,0.0009787511
1125,32515,0.0009787511
1126,32516,0.0009787511
1127,32517,0.0009787511
1128,32518,0.0009787511
1129,32519,0.0009787511
1130,32520,0.0009787511
1131,32521,0.0009787511
1132,32522,0.0009787511
1133,32523,0.0009787511
1134,32524,0.0009787511
1135,32525,0.0009787511
1136,32526,0.0009787511
1137,32527,0.0009787511
1138,32528,0.0009787511
1139,32529,0.0009787511
1140,32530,0.0009787511
1141,32531,0.0009787511
1142,32532,0.0009787511
1143,32533,0.0009787511
1144,32534,0.0009787511
1145,32535,0.0009787511
1146,32536,0.0009787511
1147,32537,0.0009787511
1148,32538,0.0009787511
1149,32539,0.0009787511
1150,32540,0.0009787511
1151,32541,0.0009787511
1152,32542,0.0009787511
1153,32543,0.0009787511
1154,32544,0.0009787511
1155,32545,0.0009787511
1156,32546,0.0009787553
1157,32547,0.0009787553
1158,32548,0.0009787553
1159,32549,0.0009787511
1160,32550,0.0009787511
1161,32551,0.0009787511
1162,32552,0.0009787511
1163,32553,0.0009787511
1164,32554,0.0009787511
1165,32555,0.0009787511
1166,32556,0.0009787511
1167,32557,0.0009787511
1168,32558,0.0009787511
1169,32559,0.0009787511
1170,32560,0.0009787511
1171,32561,0.0009787511
1172,32562,0.0009787511
1173,32563,0.0009787511
1174,32564,0.0009787511
1175,32565,0.0009787511
1176,32566,0.0009787511
1177,32567,0.0009787511
1178,32568,0.0009787511
1179,32569,0.0009787511
1180,32570,0.0009787511
1181,32571,0.0009787511
1182,32572,0.0009787553
1183,32573,0.0009787511
1184,32574,0.0009787511
1185,32575,0.0009787511
1186,32576,0.0009787511
1187,32577,0.0009787511
1188,32578,0.0009787511
1189,32579,0.0009787511
1190,32580,0.0009787511
1191,32581,0.0009787511
1192,32582,0.0009787511
1193,32583,0.0009787553
1194,32584,0.0009787511
1195,32585,0.0009787553
1196,32586,0.0009787511
1197,32587,0.0009787511
1198,32588,0.0009787511
1199,32589,0.0009787511
1200,32590,0.0009787511
1201,32591,0.0009787511
1202,32592,0.0009787511
1203,32593,0.0009787511
1204,32594,0.0009787511
1205,32595,0.0009787511
1206,32596,0.0009787511
1207,32597,0.0009787511
1208,32598,0.0009787511
1209,32599,0.0009787511
1210,32600,0.0009787511
1211,32601,0.0009787511
1212,32602,0.0009787511
1213,32603,0.0009787511
1214,32604,0.0009787511
1215,32605,0.0009787511
1216,32606,0.0009787511
1217,32607,0.0009787511
1218,32608,0.0009787511
1219,32609,0.0009787511
1220,32610,0.0009787511
1221,32611,0.0009787511
1222,32612,0.0009787511
1223,32613,0.0009787511
1224,32614,0.0009787511
1225,32615,0.0009787511
1226,32616,0.0009787511
1227,32617,0.0009787511
1228,32618,0.0009787511
1229,32619,0.0009787511
1230,32620,0.0009787511
1231,32621,0.0009787511
1232,32622,0.0009787511
1233,32623,0.0009787511
1234,32624,0.0009787511
1235,32625,0.0009787511
1236,32626,0.0009787511
1237,32627,0.0009787511
1238,32628,0.0009787511
1239,32629,0.0009787511
1240,32630,0.0009787511
1241,32631,0.0009787511
1242,32632,0.0009787511
1243,32633,0.0009787511
1244,32634,0.0009787511
1245,32635,0.0009787511
1246,32636,0.0009787511
1247,32637,0.0009787511
1248,32638,0.0009787511
1249,32639,0.0009787511
1250,32640,0.0009787511
1251,32641,0.0009787511
1252,32642,0.0009787511
1253,32643,0.0009787511
1254,32644,0.0009787511
1255,32645,0.0009787511
1256,32646,0.0009787511
1257,32647,0.0009787511
1258,32648,0.0009787511
1259,32649,0.0009787511
1260,32650,0.0009787511
1261,32651,0.0009787511
1262,32652,0.0009787511
1263,32653,0.0009787511
1264,32654,0.0009787511
1265,32655,0.0009787511
1266,32656,0.0009787511
1267,32657,0.0009787511
1268,32658,0.0009787511
1269,32659,0.0009787511
1270,32660,0.0009787511
1271,32661,0.0009787511
1272,32662,0.0009787511
1273,32663,0.0009787511
1274,32664,0.0009787511
1275,32665,0.0009787511
1276,32666,0.0009787511
1277,32667,0.0009787511
1278,32668,0.0009787511
1279,32669,0.0009787511
1280,32670,0.0009787511
1281,32671,0.0009787511
1282,32672,0.0009787553
1283,32673,0.0009787511
1284,32674,0.0009787511
1285,32675,0.0009787511
1286,32676,0.0009787553
1287,32677,0.0009787553
1288,32678,0.0009787511
1289,32679,0.0009787511
1290,32680,0.0009787511
1291,32681,0.0009787511
1292,32682,0.0009787553
1293,32683,0.0009787511
1294,32684,0.0009787553
1295,32685,0.0009787511
1296,32686,0.0009787511
1297,32687,0.0009787511
1298,32688,0.0009787511
1299,32689,0.0009787511
1300,32690,0.0009787511
1301,32691,0.0009787511
1302,32692,0.0009787511
1303,32693,0.0009787511
1304,32694,0.0009787511
1305,32695,0.0009787511
1306,32696,0.0009787511
1307,32697,0.0009787511
1308,32698,0.0009787511
1309,32699,0.0009787511
1310,32700,0.0009787511
1311,32701,0.0009787511
1312,32702,0.0009787553
1313,32703,0.0009787553
1314,32704,0.0009787553
1315,32705,0.0009787511
1316,32706,0.0009787511
1317,32707,0.0009787511
1318,32708,0.0009787553
1319,32709,0.0009787553
1320,32710,0.0009787511
1321,32711,0.0009787511
1322,32712,0.0009787511
1323,32713,0.0009787511
1324,32714,0.0009787511
1325,32715,0.0009787511
1326,32716,0.0009787553
1327,32717,0.0009787511
1328,32718,0.0009787511
1329,32719,0.0009787511
1330,32720,0.0009787511
1331,32721,0.0009787511
1332,32722,0.0009787511
1333,32723,0.0009787511
1334,32724,0.0009787511
1335,32725,0.0009787511
1336,32726,0.0009787511
1337,32727,0.0009787511
1338,32728,0.0009787511
1339,32729,0.0009787511
1340,32730,0.0009787511
1341,32731,0.0009787511
1342,32732,0.0009787511
1343,32733,0.0009787511
1344,32734,0.0009787511
1345,32735,0.0009787511
1346,32736,0.0009787511
1347,32737,0.0009787511
1348,32738,0.0009787511
1349,32739,0.0009787511
1350,32740,0.0009787511
1351,32741,0.0009787511
1352,32742,0.0009787511
1353,32743,0.0009787511
1354,32744,0.0009787511
1355,32745,0.0009787511
1356,32746,0.0009787511
1357,32747,0.0009787511
1358,32748,0.0009787511
1359,32749,0.0009787511
1360,32750,0.0009787511
1361,32751,0.0009787511
1362,32752,0.0009787511
1363,32753,0.0009787511
1364,32754,0.0009787511
1365,32755,0.0009787511
1366,32756,0.0009787511
1367,32757,0.0009787511
1368,32758,0.0009787511
1369,32759,0.0009787511
1370,32760,0.0009787511
1371,32761,0.0009787511
1372,32762,0.0009787511
1373,32763,0.0009787511
1374,32764,0.0009787511
1375,32765,0.0009787511
1376,32766,0.0009787511
1377,32767,0.0009787511
1378,32768,0.0009787511
1379,32769,0.0009787511
1380,32770,0.0009787511
1381,32771,0.0009787511
1382,32772,0.0009787511
1383,32773,0.0009787511
1384,32774,0.0009787511
1385,32775,0.0009787511
1386,32776,0.0009787511
1387,32777,0.0009787511
1388,32778,0.0009787511
1389,32779,0.0009787511
1390,32780,0.0009787511
1391,32781,0.0009787511
1392,32782,0.0009787511
1393,32783,0.0009787511
1394,32784,0.0009787511
1395,32785,0.0009787511
1396,32786,0.0009787511
1397,32787,0.0009787511
1398,32788,0.0009787511
1399,32789,0.0009787511
1400,32790,0.0009787511
1401,32791,0.0009787511
1402,32792,0.0009787511
1403,32793,0.0009787511
1404,32794,0.0009787511
1405,32795,0.0009787511
1406,32796,0.0009787511
1407,32797,0.0009787511
1408,32798,0.0009787511
1409,32799,0.0009787511
1410,32800,0.0009787511
1411,32801,0.0009787511
1412,32802,0.0009787511
1413,32803,0.0009787511
1414,32804,0.0009787511
1415,32805,0.0009787511
1416,32806,0.0009787511
1417,32807,0.0009787511
1418,32808,0.0009787511
1419,32809,0.0009787511
1420,32810,0.0009787511
1421,32811,0.0009787511
1422,32812,0.0009787511
1423,32813,0.0009787511
1424,32814,0.0009787511
1425,32815,0.0009787511
1426,32816,0.0009787511
1427,32817,0.0009787511
1428,32818,0.0009787511
1429,32819,0.0009787511
1430,32820,0.0009787511
1431,32821,0.0009787511
1432,32822,0.0009787511
1433,32823,0.0009787511
1434,32824,0.0009787511
1435,32825,0.0009787511
1436,32826,0.0009787511
1437,32827,0.0009787511
1438,32828,0.0009787511
1439,32829,0.0009787511
1440,32830,0.0009787511
1441,32831,0.0009787511
1442,32832,0.0009787511
1443,32833,0.0009787511
1444,32834,0.0009787511
1445,32835,0.0009787511
1446,32836,0.0009787511
1447,32837,0.0009787511
1448,32838,0.0009787511
1449,32839,0.0009787511
1450,32840,0.0009787511
1451,32841,0.0009787511
1452,32842,0.0009787511
1453,32843,0.0009787511
1454,32844,0.0009787511
1455,32845,0.0009787511
1456,32846,0.0009787511
1457,32847,0.0009787511
1458,32848,0.0009787511
1459,32849,0.0009787511
1460,32850,0.0009787511
1461,32851,0.0009787511
1462,32852,0.0009787511
1463,32853,0.0009787511
1464,32854,0.0009787511
1465,32855,0.0009787511
1466,32856,0.0009787511
1467,32857,0.0009787511
1468,32858,0.0009787511
1469,32859,0.0009787511
1470,32860,0.0009787511
1471,32861,0.0009787511
1472,32862,0.0009787511
1473,32863,0.0009787511
1474,32864,0.0009787511
1475,32865,0.0009787511
1476,32866,0.0009787511
1477,32867,0.0009787511
1478,32868,0.0009787511
1479,32869,0.0009787511
1480,32870,0.0009787511
1481,32871,0.0009787511
1482,32872,0.0009787511
1483,32873,0.0009787511
1484,32874,0.0009787511
1485,32875,0.0009787511
1486,32876,0.0009787511
1487,32877,0.0009787511
1488,32878,0.0009787511
1489,32879,0.0009787511
1490,32880,0.0009787511
1491,32881,0.0009787511
1492,32882,0.0009787511
1493,32883,0.0009787511
1494,32884,0.0009787511
1495,32885,0.0009787511
1496,32886,0.0009787511
1497,32887,0.0009787511
1498,32888,0.0009787511
1499,32889,0.0009787511
1500,32890,0.0009787511
1501,32891,0.0009787511
1502,32892,0.0009787511
1503,32893,0.0009787511
1504,32894,0.0009787511
1505,32895,0.0009787511
1506,32896,0.0009787511
1507,32897,0.0009787511
1508,32898,0.0009787511
1509,32899,0.0009787511
1510,32900,0.0009787511
1511,32901,0.0009787511
1512,32902,0.0009787511
1513,32903,0.0009787511
1514,32904,0.0009787511
1515,32905,0.0009787511
1516,32906,0.0009787511
1517,32907,0.0009787511
1518,32908,0.0009787511
1519,32909,0.0009787511
1520,32910,0.0009787511
1521,32911,0.0009787511
1522,32912,0.0009787511
1523,32913,0.0009787511
1524,32914,0.0009787511
1525,32915,0.0009787511
1526,32916,0.0009787511
1527,32917,0.0009787511
1528,32918,0.0009787511
1529,32919,0.0009787511
1530,32920,0.0009787511
1531,32921,0.0009787511
1532,32922,0.0009787511
1533,32923,0.0009787511
1534,32924,0.0009787511
1535,32925,0.0009787511
1536,32926,0.0009787511
1537,32927,0.0009787511
1538,32928,0.0009787511
1539,32929,0.0009787511
1540,32930,0.0009787511
1541,32931,0.0009787511
1542,32932,0.0009787511
1543,32933,0.0009787511
1544,32934,0.0009787511
1545,32935,0.0009787511
1546,32936,0.0009787511
1547,32937,0.0009787511
1548,32938,0.0009787511
1549,32939,0.0009787511
1550,32940,0.0009787511
1551,32941,0.0009787511
1552,32942,0.0009787511
1553,32943,0.0009787511
1554,32944,0.0009787511
1555,32945,0.0009787511
1556,32946,0.0009787511
1557,32947,0.0009787511
1558,32948,0.0009787511
1559,32949,0.0009787511
1560,32950,0.0009787511
1561,32951,0.0009787511
1562,32952,0.0009787511
1563,32953,0.0009787511
1564,32954,0.0009787511
1565,32955,0.0009787511
1566,32956,0.0009787511
1567,32957,0.0009787511
1568,32958,0.0009787511
1569,32959,0.0009787511
1570,32960,0.0009787511
1571,32961,0.0009787511
1572,32962,0.0009787511
1573,32963,0.0009787511
1574,32964,0.0009787511
1575,32965,0.0009787511
1576,32966,0.0009787511
1577,32967,0.0009787511
1578,32968,0.0009787511
1579,32969,0.0009787511
1580,32970,0.0009787511
1581,32971,0.0009787511
1582,32972,0.0009787511
1583,32973,0.0009787511
1584,32974,0.0009787511
1585,32975,0.0009787511
1586,32976,0.0009787511
1587,32977,0.0009787511
1588,32978,0.0009787511
1589,32979,0.0009787511
1590,32980,0.0009787511
1591,32981,0.0009787511
1592,32982,0.0009787511
1593,32983,0.0009787511
1594,32984,0.0009787511
1595,32985,0.0009787511
1596,32986,0.0009787511
1597,32987,0.0009787511
1598,32988,0.0009787511
1599,32989,0.0009787511
1600,32990,0.0009787511
1601,32991,0.0009787511
1602,32992,0.0009787511
1603,32993,0.0009787511
1604,32994,0.0009787511
1605,32995,0.0009787511
1606,32996,0.0009787511
1607,32997,0.0009787511
1608,32998,0.0009787511
1609,32999,0.0009787511
1610,33000,0.0009787511
1611,33001,0.0009787511
1612,33002,0.0009787511
1613,33003,0.0009787511
1614,33004,0.0009787511
1615,33005,0.0009787511
1616,33006,0.0009787511
1617,33007,0.0009787511
1618,33008,0.0009787511
1619,33009,0.0009787511
1620,33010,0.0009787511
1621,33011,0.0009787511
1622,33012,0.0009787511
1623,33013,0.0009787511
1624,33014,0.0009787511
1625,33015,0.0009787511
1626,33016,0.0009787511
1627,33017,0.0009787511
1628,33018,0.0009787511
1629,33019,0.0009787511
1630,33020,0.0009787511
1631,33021,0.0009787511
1632,33022,0.0009787511
1633,33023,0.0009787511
1634,33024,0.0009787511
1635,33025,0.0009787511
1636,33026,0.0009787511
1637,33027,0.0009787511
1638,33028,0.0009787511
1639,33029,0.0009787511
1640,33030,0.0009787511
1641,33031,0.0009787511
1642,33032,0.0009787511
1643,33033,0.0009787511
1644,33034,0.0009787511
1645,33035,0.0009787511
1646,33036,0.0009787511
1647,33037,0.0009787418
1648,33038,0.0009787511
1649,33039,0.0009787511
1650,33040,0.0009787511
1651,33041,0.0009787511
1652,33042,0.0009787511
1653,33043,0.0009787511
1654,33044,0.0009787511
1655,33045,0.0009787511
1656,33046,0.0009787511
1657,33047,0.0009787511
1658,33048,0.0009787511
1659,33049,0.0009787511
1660,33050,0.0009787511
1661,33051,0.0009787511
1662,33052,0.0009787418
1663,33053,0.0009787418
1664,33054,0.0009787511
1665,33055,0.0009787511
1666,33056,0.0009787511
1667,33057,0.0009787418
1668,33058,0.0009787511
1669,33059,0.0009787511
1670,33060,0.0009787511
1671,33061,0.0009787511
1672,33062,0.0009787511
1673,33063,0.0009787418
1674,33064,0.0009787418
1675,33065,0.0009787418
1676,33066,0.0009787511
1677,33067,0.0009787811
1678,33068,0.0009787811
1679,33069,0.0009787516
1680,33070,0.0009787516
1681,33071,0.0009787111
1682,33072,0.0009787516
1683,33073,0.0009787516
1684,33074,0.0009787811
1685,33075,0.0009787423
1686,33076,0.0009787511
1687,33077,0.0009787513
1688,33078,0.0009787506
1689,33079,0.0009787111
1690,33080,0.0009787511
1691,33081,0.0009787418
1692,33082,0.0009783483
1693,33083,0.0009782454
1694,33084,0.0009782547
1695,33085,0.0009785688
1696,33086,0.0009788696
1697,33087,0.000978352
1698,33088,0.0009791963
1699,33089,0.000978837
1700,33090,0.0009784761
1701,33091,0.0009787909
1702,33092,0.0009787511
1703,33093,0.0009786759
1704,33094,0.000978787
1705,33095,0.000978787
1706,33096,0.0009781583
1707,33097,0.0009782165
1708,33098,0.0009783786
1709,33099,0.0009785688
1710,33100,0.0009787511
1711,33101,0.000978787
1712,33102,0.0009787909
1713,33103,0.0009787115
1714,33104,0.0009781148
1715,33105,0.0009782072
1716,33106,0.0009782426
1717,33107,0.0009792252
1718,33108,0.0009787115
1719,33109,0.0009782072
1720,33110,0.0009787511
1721,33111,0.0009786722
1722,33112,0.0009786722
1723,33113,0.0009794948
1724,33114,0.0009795742
1725,33115,0.0009793583
1726,33116,0.0009794259
1727,33117,0.0009786722
1728,33118,0.0009788396
1729,33119,0.0009775255
1730,33120,0.0009774894
1731,33121,0.0009794182
1732,33122,0.0009788102
1733,33123,0.0009784808
1734,33124,0.0009783506
1735,33125,0.0009779504
1736,33126,0.0009596194
1737,33127,0.00096457615
1738,33128,0.0009654276
1739,33129,0.0009596194
1740,33130,0.00097225327
1741,33131,0.00096916966
1742,33132,0.0009712593
1743,33133,0.0009787511
1744,33134,0.00096806814
1745,33135,0.00097523676
1746,33136,0.0009722088
1747,33137,0.0009687175
1748,33138,0.0009712593
1749,33139,0.00096413493
1750,33140,0.00096279546
1751,33141,0.0009774324
1752,33142,0.0009432654
1753,33143,0.0009701657
1754,33144,0.00096413493
1755,33145,0.0009774324
1756,33146,0.0009787511
1757,33147,0.00096995337
1758,33148,0.00097483
1759,33149,0.0010442664
1760,33150,0.00095260656
1761,33151,0.0009944316
1762,33152,0.0010265501
1763,33153,0.0009918718
1764,33154,0.0010442664
1765,33155,0.00095260656
1766,33156,0.0009827348
1767,33157,0.0009781555
1768,33158,0.0010048393
1769,33159,0.0009787511
1770,33160,0.0009542126
1771,33161,0.000989432
1772,33162,0.0009787511
1773,33163,0.000989432
1774,33164,0.00093538594
1775,33165,0.0009787418
1776,33166,0.0009787418
1777,33167,0.0009787511
1778,33168,0.0009787511
1779,33169,0.0009787511
1780,33170,0.0009787418
1781,33171,0.0009787511
1782,33172,0.0009787511
1783,33173,0.0009787511
1784,33174,0.0009787511
1785,33175,0.0009787418
1786,33176,0.0009787511
1787,33177,0.0009787511
1788,33178,0.0009787511
1789,33179,0.0009787511
1790,33180,0.0009787511
1791,33181,0.0009787418
1792,33182,0.0009787418
1793,33183,0.0009787511
1794,33184,0.0009787511
1795,33185,0.0009787418
1796,33186,0.0009787511
1797,33187,0.0009787511
1798,33188,0.0009787511
1799,33189,0.0009787516
1800,33190,0.0009787516
1801,33191,0.0009787418
1802,33192,0.0009787511
1803,33193,0.0009787511
1804,33194,0.0009787511
1805,33195,0.0009787418
1806,33196,0.0009787516
1807,33197,0.0009787516
1808,33198,0.0009787509
1809,33199,0.0009787516
1810,33200,0.0009787513
1811,33201,0.0009787516
1812,33202,0.0009787511
1813,33203,0.0009787513
1814,33204,0.0009787516
1815,33205,0.0009787516
1816,33206,0.0009787516
1817,33207,0.0009787511
1818,33208,0.0009787511
1819,33209,0.0009787516
1820,33210,0.0009787516
1821,33211,0.0009787418
1822,33212,0.0009787511
1823,33213,0.0009787516
1824,33214,0.0009787418
1825,33215,0.0009786778
1826,33216,0.0009787513
1827,33217,0.0009787255
1828,33218,0.0009787516
1829,33219,0.0009787516
1830,33220,0.0009787418
1831,33221,0.0009787511
1832,33222,0.0009787255
1833,33223,0.0009787516
1834,33224,0.0009787513
1835,33225,0.0009787653
1836,33226,0.00091317156
1837,33227,0.0009786987
1838,33228,0.0009786293
1839,33229,0.0009786941
1840,33230,0.0009783339
1841,33231,0.0009783173
1842,33232,0.0009783003
1843,33233,0.0009787511
1844,33234,0.0009781839
1845,33235,0.0009786598
1846,33236,0.0009793895
1847,33237,0.0009793895
1848,33238,0.0009794906
1849,33239,0.0009776491
1850,33240,0.0009787057
1851,33241,0.0009787057
1852,33242,0.0009794228
1853,33243,0.0009787378
1854,33244,0.0009794906
1855,33245,0.0009787057
1856,33246,0.0009780191
1857,33247,0.0009790154
1858,33248,0.0009791497
1859,33249,0.0009783269
1860,33250,0.0009782368
1861,33251,0.0009794156
1862,33252,0.0009782896
1863,33253,0.0009791041
1864,33254,0.0009782366
1865,33255,0.000978238
1866,33256,0.0009781204
1867,33257,0.0009782896
1868,33258,0.0009791041
1869,33259,0.0009794156
1870,33260,0.0009787511
1871,33261,0.0009815863
1872,33262,0.0009816648
1873,33263,0.0009787511
1874,33264,0.0009789048
1875,33265,0.0009799222
1876,33266,0.0010303708
1877,33267,0.0010101509
1878,33268,0.0009942143
1879,33269,0.000977102
1880,33270,0.0010027608
1881,33271,0.0009073431
1882,33272,0.0009073431
1883,33273,0.00096097006
1884,33274,0.000922194
1885,33275,0.0009925747
1886,33276,0.000977102
1887,33277,0.000940213
1888,33278,0.00108551
1889,33279,0.0009586348
1890,33280,0.0009776182
1891,33281,0.0009695452
1892,33282,0.0009695452
1893,33283,0.0009167541
1894,33284,0.000993276
1895,33285,0.0010516043
1896,33286,0.0009743904
1897,33287,0.0011743335
1898,33288,0.0010589093
1899,33289,0.0010589093
1900,33290,0.0010059439
1901,33291,0.00084946677
1902,33292,0.0009787511
1903,33293,0.0010589093
1904,33294,0.0010747507
1905,33295,0.0008999165
1906,33296,0.0010074945
1907,33297,0.0008495813
1908,33298,0.0009787511
1909,33299,0.0008251101
1910,33300,0.0010380778
1911,33301,0.0010947839
1912,33302,0.0010867575
1913,33303,0.00090457057
1914,33304,0.00090457057
1915,33305,0.0010987662
1916,33306,0.0010367029
1917,33307,0.0010936738
1918,33308,0.0010012509
1919,33309,0.0010628202
1920,33310,0.0010621131
1921,33311,0.0009787511
1922,33312,0.0009787511
1923,33313,0.0009787511
1924,33314,0.0009787418
1925,33315,0.0009787511
1926,33316,0.0009787511
1927,33317,0.0009787511
1928,33318,0.0009787092
1929,33319,0.0009787511
1930,33320,0.0009787511
1931,33321,0.0009787511
1932,33322,0.0009787511
1933,33323,0.0009787511
1934,33324,0.0009787511
1935,33325,0.0009787111
1936,33326,0.0009787511
1937,33327,0.0009787132
1938,33328,0.0009787513
1939,33329,0.0009787513
1940,33330,0.0009787502
1941,33331,0.0009787423
1942,33332,0.0009787513
1943,33333,0.0009787511
1944,33334,0.0009787418
1945,33335,0.0009787113
1946,33336,0.0009787511
1947,33337,0.0009787511
1948,33338,0.0009787511
1949,33339,0.0009787418
1950,33340,0.0009787136
1951,33341,0.0009787511
1952,33342,0.000978753
1953,33343,0.001349953
1954,33344,0.0009787511
1955,33345,0.0009784962
1956,33346,0.000978498
1957,33347,0.0009787511
1958,33348,0.0009788093
1959,33349,0.000978692
1960,33350,0.0009786694
1961,33351,0.0009788093
1962,33352,0.0009792144
1963,33353,0.0009782838
1964,33354,0.0009782466
1965,33355,0.0013493174
1966,33356,0.0009789036
1967,33357,0.0009789036
1968,33358,0.000978875
1969,33359,0.0009787353
1970,33360,0.0009787511
1971,33361,0.0009789036
1972,33362,0.0009787534
1973,33363,0.0009781097
1974,33364,0.0009791707
1975,33365,0.0009784456
1976,33366,0.000978464
1977,33367,0.0013485057
1978,33368,0.0009784608
1979,33369,0.0009786622
1980,33370,0.0009783534
1981,33371,0.0009783534
1982,33372,0.000979227
1983,33373,0.0009801423
1984,33374,0.0009801423
1985,33375,0.001350166
1986,33376,0.0009793693
1987,33377,0.0009795376
1988,33378,0.0009794855
1989,33379,0.0009794263
1990,33380,0.0009795376
1991,33381,0.0009794119
1992,33382,0.0009782352
1993,33383,0.00099652
1994,33384,0.0009485828
1995,33385,0.00087963836
1996,33386,0.0009480689
1997,33387,0.0010492741
1998,33388,0.00090975454
1999,33389,0.0009485828
2000,33390,0.0013109054
2001,33391,0.00099652
2002,33392,0.00087447464
2003,33393,0.00087131537
2004,33394,0.0009333098
2005,33395,0.0008596149
2006,33396,0.0009787511
2007,33397,0.0009814566
2008,33398,0.0009787511
2009,33399,0.0009388188
2010,33400,0.0009961473
2011,33401,0.00086382753
2012,33402,0.0009480319
2013,33403,0.0009230166
2014,33404,0.0009933319
2015,33405,0.0008007786
2016,33406,0.0008007786
2017,33407,0.00086413324
2018,33408,0.0010532062
2019,33409,0.0007744548
2020,33410,0.0009787511
2021,33411,0.0010162105
2022,33412,0.0006472743
2023,33413,0.0011151542
2024,33414,0.0010086533
2025,33415,0.0010796667
2026,33416,0.0011484297
2027,33417,0.00080370344
2028,33418,0.0011151542
2029,33419,0.0010796667
2030,33420,0.0006472743
2031,33421,0.0011157014
2032,33422,0.0009787511
2033,33423,0.0009787511
2034,33424,0.0009787511
2035,33425,0.0009787511
2036,33426,0.0009787511
2037,33427,0.0009787511
2038,33428,0.0009787511
2039,33429,0.0009787511
2040,33430,0.0009787511
2041,33431,0.0009787418
2042,33432,0.0009787511
2043,33433,0.0009787511
2044,33434,0.0009787511
2045,33435,0.0009787511
2046,33436,0.0009787511
2047,33437,0.0009787111
2048,33438,0.0009787511
2049,33439,0.0009787511
2050,33440,0.0009787139
2051,33441,0.0009787516
2052,33442,0.0009787511
2053,33443,0.0009787511
2054,33444,0.0009787511
2055,33445,0.0009787516
2056,33446,0.0009787516
2057,33447,0.0009787511
2058,33448,0.0009787513
2059,33449,0.0009787513
2060,33450,0.0009787511
2061,33451,0.0009787511
2062,33452,0.0009787513
2063,33453,0.0009787132
2064,33454,0.0009787511
2065,33455,0.0009787423
2066,33456,0.0009784962
2067,33457,0.0009787511
2068,33458,0.0009787423
2069,33459,0.0009787418
2070,33460,0.0009786773
2071,33461,0.0009787423
2072,33462,0.0009787506
2073,33463,0.0009787418
2074,33464,0.0009787506
2075,33465,0.0009787658
2076,33466,0.0009780326
2077,33467,0.0009780701
2078,33468,0.000978518
2079,33469,0.0009783658
2080,33470,0.0009775809
2081,33471,0.0009779052
2082,33472,0.0009763858
2083,33473,0.00097623304
2084,33474,0.0009764312
2085,33475,0.0009779143
2086,33476,0.0009779052
2087,33477,0.0009775425
2088,33478,0.0009783278
2089,33479,0.0009794845
2090,33480,0.0009789015
2091,33481,0.0009784258
2092,33482,0.0011239287
2093,33483,0.0009767325
2094,33484,0.001130834
2095,33485,0.0009818012
2096,33486,0.0009807041
2097,33487,0.0009718165
2098,33488,0.0009818012
2099,33489,0.0010496965
2100,33490,0.0009181525
2101,33491,0.0010042647
2102,33492,0.0010127679
2103,33493,0.0009988376
2104,33494,0.001205347
2105,33495,0.00094308215
2106,33496,0.00096600456
2107,33497,0.0010127679
2108,33498,0.0009988376
2109,33499,0.0010042647
2110,33500,0.0010835093
2111,33501,0.0011243939
2112,33502,0.0008653449
2113,33503,0.0008653449
2114,33504,0.0010971613
2115,33505,0.0012519748
2116,33506,0.00093567953
2117,33507,0.0011912622
2118,33508,0.0007586123
2119,33509,0.00079907384
2120,33510,0.00093567953
2121,33511,0.001026381
2122,33512,0.00097614364
2123,33513,0.00085368054
2124,33514,0.00085368054
2125,33515,0.00081678573
2126,33516,0.00062550465
2127,33517,0.00069412263
2128,33518,0.00070785545
2129,33519,0.000702444
2130,33520,0.0010208706
2131,33521,0.00089052226
2132,33522,0.00085068867
2133,33523,0.00082309754
2134,33524,0.00088792294
2135,33525,0.0008730674
2136,33526,0.0009787511
2137,33527,0.0009787511
2138,33528,0.0009787511
2139,33529,0.0009787511
2140,33530,0.0009787511
2141,33531,0.0009787511
2142,33532,0.0009787511
2143,33533,0.0009787418
2144,33534,0.0009787511
2145,33535,0.0009787511
2146,33536,0.0009787511
2147,33537,0.0009787511
2148,33538,0.0009787418
2149,33539,0.0009787511
2150,33540,0.0009787511
2151,33541,0.0009787418
2152,33542,0.0009787511
2153,33543,0.0009787511
2154,33544,0.0009787511
2155,33545,0.0009787511
2156,33546,0.0009787516
2157,33547,0.0009787111
2158,33548,0.0009787511
2159,33549,0.0009787511
2160,33550,0.0009787092
2161,33551,0.0009787516
2162,33552,0.0009787511
2163,33553,0.0009787511
2164,33554,0.0009787516
2165,33555,0.0009787132
2166,33556,0.0009787516
2167,33557,0.0009787516
2168,33558,0.0009787516
2169,33559,0.0009787511
2170,33560,0.0009787516
2171,33561,0.0009787516
2172,33562,0.0009787516
2173,33563,0.0009787511
2174,33564,0.0009787418
2175,33565,0.0009787511
2176,33566,0.0009787511
2177,33567,0.0009787506
2178,33568,0.0009787511
2179,33569,0.0009784966
2180,33570,0.0009784973
2181,33571,0.0009787511
2182,33572,0.0009787511
2183,33573,0.0009787418
2184,33574,0.0009786773
2185,33575,0.0009786773
2186,33576,0.0009787253
2187,33577,0.0009787111
2188,33578,0.0009787418
2189,33579,0.0009787516
2190,33580,0.000977793
2191,33581,0.0009791148
2192,33582,0.0009779308
2193,33583,0.00097823
2194,33584,0.0009780263
2195,33585,0.000977793
2196,33586,0.0009779308
2197,33587,0.0009796217
2198,33588,0.0009796417
2199,33589,0.0009784086
2200,33590,0.0009794012
2201,33591,0.0009794012
2202,33592,0.0009791777
2203,33593,0.0009796417
2204,33594,0.0009792005
2205,33595,0.0009788619
2206,33596,0.0009783546
2207,33597,0.0009792005
2208,33598,0.0009793146
2209,33599,0.0007052226
2210,33600,0.0009784547
2211,33601,0.0009785185
2212,33602,0.0009791523
2213,33603,0.000978847
2214,33604,0.000978847
2215,33605,0.0009782726
2216,33606,0.000978847
2217,33607,0.0009785185
2218,33608,0.00097976
2219,33609,0.0011682669
2220,33610,0.0010672803
2221,33611,0.0009193984
2222,33612,0.0010037329
2223,33613,0.0010037329
2224,33614,0.0010029995
2225,33615,0.0009372444
2226,33616,0.0010729237
2227,33617,0.00095775654
2228,33618,0.00095775654
2229,33619,0.0011014552
2230,33620,0.0009787511
2231,33621,0.0009372444
2232,33622,0.00095775654
2233,33623,0.0009916322
2234,33624,0.0011250945
2235,33625,0.0009078237
2236,33626,0.0009119478
2237,33627,0.0009273791
2238,33628,0.0008124667
2239,33629,0.0009119478
2240,33630,0.0010003909
2241,33631,0.0013614432
2242,33632,0.0009270245
2243,33633,0.00097228796
2244,33634,0.0009914262
2245,33635,0.0010268751
2246,33636,0.00095848786
2247,33637,0.0009787511
2248,33638,0.0009787511
2249,33639,0.0009787511
2250,33640,0.0009787511
2251,33641,0.0009787511
2252,33642,0.0009787511
2253,33643,0.0009787511
2254,33644,0.0009787511
2255,33645,0.0009787511
2256,33646,0.0009787511
2257,33647,0.0009787511
2258,33648,0.0009787418
2259,33649,0.0012188507
2260,33650,0.0009787511
2261,33651,0.0009787418
2262,33652,0.0009787511
2263,33653,0.0009787511
2264,33654,0.0009787418
2265,33655,0.0009787511
2266,33656,0.0009787511
2267,33657,0.0009787511
2268,33658,0.0009787511
2269,33659,0.0009787511
2270,33660,0.0009787511
2271,33661,0.0009787511
2272,33662,0.0009787511
2273,33663,0.0009787506
2274,33664,0.0009787511
2275,33665,0.0009787511
2276,33666,0.0009787511
2277,33667,0.0009787511
2278,33668,0.0009787511
2279,33669,0.0009787511
2280,33670,0.0009787511
2281,33671,0.0009787511
2282,33672,0.0009787511
2283,33673,0.0009787115
2284,33674,0.0009787511
2285,33675,0.0009787511
2286,33676,0.0009787511
2287,33677,0.0009787511
2288,33678,0.0009787511
2289,33679,0.0009787511
2290,33680,0.0009787516
2291,33681,0.0009787513
2292,33682,0.0009787511
2293,33683,0.0009787511
2294,33684,0.0009787511
2295,33685,0.0009784973
2296,33686,0.0009785343
2297,33687,0.0009787511
2298,33688,0.0009787511
2299,33689,0.0009787511
2300,33690,0.0009786773
2301,33691,0.0009787511
2302,33692,0.0009787516
2303,33693,0.0009787423
2304,33694,0.0009787423
2305,33695,0.0009788491
2306,33696,0.0009787423
2307,33697,0.0009782203
2308,33698,0.0012188144
2309,33699,0.0009783155
2310,33700,0.0009782203
2311,33701,0.0009788999
2312,33702,0.0009786459
2313,33703,0.0009780885
2314,33704,0.0009787511
2315,33705,0.0009782398
2316,33706,0.0009782398
2317,33707,0.0009778664
2318,33708,0.0009777977
2319,33709,0.0009796361
2320,33710,0.0009788957
2321,33711,0.0009796361
2322,33712,0.0009783152
2323,33713,0.0009791623
2324,33714,0.0009794282
2325,33715,0.0009783816
2326,33716,0.0009794282
2327,33717,0.0009787511
2328,33718,0.0009789316
2329,33719,0.0009783362
2330,33720,0.0009782566
2331,33721,0.0009787511
2332,33722,0.0009776875
2333,33723,0.000977929
2334,33724,0.0009769718
2335,33725,0.0009816368
2336,33726,0.0009816368
2337,33727,0.0009783136
2338,33728,0.000983038
2339,33729,0.0009753476
2340,33730,0.0012191546
2341,33731,0.0009794359
2342,33732,0.0009794359
2343,33733,0.0010775891
2344,33734,0.0010933019
2345,33735,0.0010383914
2346,33736,0.00094577065
2347,33737,0.001191275
2348,33738,0.000977142
2349,33739,0.0009787511
2350,33740,0.00092607504
2351,33741,0.0011772746
2352,33742,0.0008540419
2353,33743,0.0007323597
2354,33744,0.0008642236
2355,33745,0.0010620668
2356,33746,0.0009946411
2357,33747,0.0011975286
2358,33748,0.0010724182
2359,33749,0.0009732549
2360,33750,0.0010698643
2361,33751,0.001099857
2362,33752,0.001099857
2363,33753,0.001224099
2364,33754,0.0009787511
2365,33755,0.0010724182
2366,33756,0.0008101491
2367,33757,0.00094535854
2368,33758,0.0011892291
2369,33759,0.0007650824
2370,33760,0.0007650824
2371,33761,0.00085637206
2372,33762,0.00066674454
2373,33763,0.0009787511
2374,33764,0.0009787511
2375,33765,0.0009787511
2376,33766,0.0009787511
2377,33767,0.0009787511
2378,33768,0.0009787511
2379,33769,0.0009787511
2380,33770,0.0009787511
2381,33771,0.0010007569
2382,33772,0.0009787511
2383,33773,0.0009787511
2384,33774,0.0009787511
2385,33775,0.0009787511
2386,33776,0.0009787418
2387,33777,0.0009787511
2388,33778,0.0009787511
2389,33779,0.0009787511
2390,33780,0.0009787418
2391,33781,0.0009787418
2392,33782,0.0009787511
2393,33783,0.0009787511
2394,33784,0.0010007573
2395,33785,0.0009787511
2396,33786,0.0009787418
2397,33787,0.0009787418
2398,33788,0.0009787418
2399,33789,0.0009787513
2400,33790,0.0009787511
2401,33791,0.0009787418
2402,33792,0.0009787511
2403,33793,0.0009787115
2404,33794,0.0009787111
2405,33795,0.0009787115
2406,33796,0.0009787115
2407,33797,0.0009787513
2408,33798,0.0009787513
2409,33799,0.0009787516
2410,33800,0.0009787516
2411,33801,0.0009787115
2412,33802,0.0009787115
